,mean,median,max,min,membership_period
PC1,0.5326502420342446,0.5138453126319693,0.4418311690439511,0.47001365088346697,-0.19005025754116792
PC2,-0.10971924030619781,-0.1491979772192335,-0.23674475918134014,0.12782903796916822,-0.9451525315801498
