,mean,median,max,min,membership_period
PC1,0.5326502420342446,0.5138453126319692,0.44183116904395087,0.47001365088346714,-0.19005025754116783
PC2,-0.10971924030619795,-0.14919797721923345,-0.2367447591813399,0.12782903796916795,-0.94515253158015
