,mean,median,max,min,membership_period
PC1,0.5326502420342444,0.5138453126319695,0.44183116904395114,0.47001365088346714,-0.19005025754116794
PC2,-0.10971924030619791,-0.1491979772192334,-0.23674475918134025,0.12782903796916814,-0.9451525315801498
