,mean,median,max,min,membership_period
PC1,0.5326502420342444,0.5138453126319694,0.4418311690439512,0.47001365088346725,-0.1900502575411679
PC2,-0.10971924030619794,-0.14919797721923336,-0.23674475918134003,0.12782903796916803,-0.9451525315801501
