,mean,median,max,min,membership_period
PC1,0.5326502420342447,0.5138453126319693,0.4418311690439511,0.47001365088346714,-0.19005025754116786
PC2,-0.10971924030619769,-0.14919797721923345,-0.23674475918133991,0.12782903796916817,-0.9451525315801497
