,mean,median,max,min,membership_period
PC1,0.5326502420342445,0.5138453126319693,0.441831169043951,0.47001365088346697,-0.19005025754116767
PC2,-0.10971924030619779,-0.14919797721923325,-0.23674475918134033,0.12782903796916836,-0.9451525315801498
