,mean,median,max,min,membership_period
PC1,0.5326502420342445,0.5138453126319691,0.44183116904395103,0.4700136508834673,-0.19005025754116797
PC2,-0.10971924030619798,-0.14919797721923359,-0.2367447591813401,0.12782903796916814,-0.9451525315801499
