,mean,median,max,min,membership_period
PC1,0.5326502420342447,0.5138453126319695,0.44183116904395114,0.470013650883467,-0.19005025754116775
PC2,-0.10971924030619759,-0.14919797721923317,-0.23674475918134055,0.12782903796916856,-0.9451525315801498
