,mean,median,max,min,membership_period
PC1,0.5326502420342444,0.513845312631969,0.44183116904395103,0.47001365088346697,-0.1900502575411678
PC2,-0.10971924030619813,-0.14919797721923328,-0.23674475918133958,0.12782903796916767,-0.9451525315801502
