,mean,median,max,min,membership_period
PC1,0.5326502420342444,0.5138453126319694,0.44183116904395114,0.47001365088346697,-0.19005025754116778
PC2,-0.10971924030619784,-0.1491979772192334,-0.23674475918134022,0.1278290379691684,-0.94515253158015
