,mean,median,max,min,membership_period
PC1,0.5326502420342445,0.5138453126319692,0.44183116904395087,0.47001365088346697,-0.1900502575411678
PC2,-0.10971924030619788,-0.14919797721923372,-0.23674475918133964,0.12782903796916797,-0.9451525315801499
